insert into department values ('CS');

insert into course values ('CS101', 'Intro. to CS', 'CS', 6);
insert into course values ('CS347', 'Operating Systems', 'CS', 4);
insert into course values ('CS317', 'Databases and Information Systems', 'CS', 4);

insert into instructor values ('92889', 'Albert Einstein', 'CS', 'e=mc2');

insert into section values ('CS101', 'a', 'Fall', 2018);
insert into section values ('CS347', 'a', 'Fall', 2018);
insert into section values ('CS317', 'a', 'Fall', 2018);

insert into teaches values ('92889', 'CS101', 'a', 'Fall', 2018);
insert into teaches values ('92889', 'CS347', 'a', 'Fall', 2018);
insert into teaches values ('92889', 'CS317', 'a', 'Fall', 2018);

insert into student values ('50001', 'Ram', 'CS', 'p1');
insert into student values ('50002', 'Radhey', 'CS', 'p2');
insert into student values ('50003', 'Shubham', 'CS', 'p3');
insert into student values ('50004', 'Kabir', 'CS', 'p4');
insert into student values ('50005', 'Rahim', 'CS', 'p5');

insert into student values ('50006', 'Aman', 'CS', 'p6');
insert into student values ('50007', 'Asha', 'CS', 'p7');
insert into student values ('50008', 'Shreya', 'CS', 'p8');
insert into student values ('50009', 'Simran', 'CS', 'p9');
insert into student values ('50010', 'Milan', 'CS', 'p10');

insert into student values ('50011', 'Mukund', 'CS', 'p11');
insert into student values ('50012', 'Suraj', 'CS', 'p12');
insert into student values ('50013', 'Floyd', 'CS', 'p13');
insert into student values ('50014', 'Abraham', 'CS', 'p14');
insert into student values ('50015', 'Ayesha', 'CS', 'p15');

insert into student values ('50016', 'Miella', 'CS', 'p16');
insert into student values ('50017', 'Ian', 'CS', 'p17');
insert into student values ('50018', 'Waleed', 'CS', 'p18');
insert into student values ('50019', 'Chintaraman', 'CS', 'p19');
insert into student values ('50020', 'Saiteja', 'CS', 'p20');


insert into takes values ('50001', 'CS101', 'a' ,'Fall',2018);
insert into takes values ('50002', 'CS101', 'a' ,'Fall',2018); 
insert into takes values ('50003', 'CS101', 'a' ,'Fall',2018); 
insert into takes values ('50004', 'CS101', 'a' ,'Fall',2018); 
insert into takes values ('50005', 'CS101', 'a' ,'Fall',2018); 

insert into takes values ('50006', 'CS101', 'a' ,'Fall',2018); 
insert into takes values ('50007', 'CS101', 'a' ,'Fall',2018); 
insert into takes values ('50008', 'CS101', 'a' ,'Fall',2018);  
insert into takes values ('50009', 'CS101', 'a' ,'Fall',2018);  
insert into takes values ('50010', 'CS101', 'a' ,'Fall',2018);  

insert into takes values ('50011', 'CS101', 'a' ,'Fall',2018); 
insert into takes values ('50012', 'CS101', 'a' ,'Fall',2018);  
insert into takes values ('50013', 'CS101', 'a' ,'Fall',2018);  
insert into takes values ('50014', 'CS101', 'a' ,'Fall',2018); 
insert into takes values ('50015', 'CS101', 'a' ,'Fall',2018); 



insert into takes values ('50002', 'CS317', 'a' ,'Fall',2018); 
insert into takes values ('50003', 'CS317', 'a' ,'Fall',2018); 

insert into takes values ('50007', 'CS317', 'a' ,'Fall',2018); 
insert into takes values ('50008', 'CS317', 'a' ,'Fall',2018);  
insert into takes values ('50009', 'CS317', 'a' ,'Fall',2018);  
insert into takes values ('50010', 'CS317', 'a' ,'Fall',2018);  

insert into takes values ('50011', 'CS317', 'a' ,'Fall',2018); 
insert into takes values ('50012', 'CS317', 'a' ,'Fall',2018);  
insert into takes values ('50013', 'CS317', 'a' ,'Fall',2018);  
insert into takes values ('50014', 'CS317', 'a' ,'Fall',2018); 
insert into takes values ('50015', 'CS317', 'a' ,'Fall',2018); 

insert into takes values ('50016', 'CS317', 'a' ,'Fall',2018); 
insert into takes values ('50017', 'CS317', 'a' ,'Fall',2018); 
insert into takes values ('50018', 'CS317', 'a' ,'Fall',2018); 
insert into takes values ('50019', 'CS317', 'a' ,'Fall',2018); 

insert into takes values ('50001', 'CS347', 'a' ,'Fall',2018); 
insert into takes values ('50003', 'CS347', 'a' ,'Fall',2018); 
insert into takes values ('50004', 'CS347', 'a' ,'Fall',2018); 
insert into takes values ('50005', 'CS347', 'a' ,'Fall',2018); 

insert into takes values ('50007', 'CS347', 'a' ,'Fall',2018); 
insert into takes values ('50008', 'CS347', 'a' ,'Fall',2018);  
insert into takes values ('50009', 'CS347', 'a' ,'Fall',2018);  
insert into takes values ('50010', 'CS347', 'a' ,'Fall',2018);  

insert into takes values ('50011', 'CS347', 'a' ,'Fall',2018); 
insert into takes values ('50012', 'CS347', 'a' ,'Fall',2018);  
insert into takes values ('50013', 'CS347', 'a' ,'Fall',2018);  
insert into takes values ('50014', 'CS347', 'a' ,'Fall',2018); 
insert into takes values ('50015', 'CS347', 'a' ,'Fall',2018); 

insert into takes values ('50016', 'CS347', 'a' ,'Fall',2018); 
insert into takes values ('50020', 'CS347', 'a' ,'Fall',2018); 


insert into ta values ('50016', 'CS101', 'a' ,'Fall',2018); 
insert into ta values ('50017', 'CS101', 'a' ,'Fall',2018); 
insert into ta values ('50018', 'CS101', 'a' ,'Fall',2018); 
insert into ta values ('50019', 'CS101', 'a' ,'Fall',2018); 
insert into ta values ('50020', 'CS101', 'a' ,'Fall',2018); 

insert into ta values ('50001', 'CS317', 'a' ,'Fall',2018); 
insert into ta values ('50004', 'CS317', 'a' ,'Fall',2018);  
insert into ta values ('50005', 'CS317', 'a' ,'Fall',2018);  
insert into ta values ('50006', 'CS317', 'a' ,'Fall',2018); 
insert into ta values ('50020', 'CS317', 'a' ,'Fall',2018); 

insert into ta values ('50002', 'CS347', 'a' ,'Fall',2018); 
insert into ta values ('50006', 'CS347', 'a' ,'Fall',2018);  
insert into ta values ('50017', 'CS347', 'a' ,'Fall',2018);  
insert into ta values ('50018', 'CS347', 'a' ,'Fall',2018); 
insert into ta values ('50019', 'CS347', 'a' ,'Fall',2018); 

